realDonaldTrump,2390
,
kylegriffin1,2319
,
donwinslow,1886
,
SethAbramson,1876
,
RBReich,1623
,
mmpadellan,1230
,
funder,1173
,
ProjectLincoln,1051
,
JoeBiden,982
,
AOC,938
,
jaketapper,874
,
Acosta,792
,
BeschlossDC,721
,
atrupar,720
,
thehill,678
,
MeidasTouch,648
,
CNN,644
,
gtconway3d,635
,
MSNBC,614
,
BernieSanders,579
,
kaitlancollins,579
,
Mike_Pence,526
,
NBCNews,524
,
BillKristol,521
,
staceyabrams,512
,
PalmerReport,488
,
nytimes,487
,
AshaRangappa_,481
,
DanRather,475
,
btsvotingorg,463
,
ABC,449
,
TheLeoTerrell,447
,
IlhanMN,435
,
acnewsitics,435
,
TeaPainUSA,433
,
robreiner,433
,
hugolowell,413
,
JoyAnnReid,409
,
washingtonpost,409
,
chrislhayes,406
,
CaslerNoel,397
,
StevenBeschloss,386
,
Amy_Siskind,383
,
LindseyGrahamSC,374
,
SteveSchmidtSES,372
,
ReallyAmerican1,369
,
jonfavs,365
,
joncoopertweets,362
,
JRubinBlogger,360
,
marceelias,359
,
SpeakerPelosi,359
,
JoyceWhiteVance,358
,
SenSchumer,343
,
CNNPolitics,332
,
BlackTiePenguin,332
,
eliehonig,330
,
KamalaHarris,329
,
RexChapman,329
,
maggieNYT,326
,
TheRickWilson,326
,
tedlieu,324
,
tribelaw,323
,
ddale8,318
,
AP,318
,
AdamParkhomenko,317
,
Reuters,316
,
itsJeffTiedrich,313
,
AriBerman,300
,
PatrickByrne,298
,
mkraju,298
,
YouTube,297
,
RSBNetwork,293
,
AnaCabrera,293
,
CREWcrew,292
,
glennkirschner2,289
,
CoriBush,284
,
Jim_Jordan,283
,
BarackObama,278
,
SenWarren,273
,
joelockhart,272
,
ChrisMurphyCT,272
,
BillPascrell,269
,
Scaramucci,263
,
RepMattGaetz,260
,
TeamPelosi,260
,
SecPompeo,258
,
WalshFreedom,257
,
RadioFreeTom,257
,
briantylercohen,256
,
btsvotingunite,255
,
clairecmc,247
,
sunlitjoon,241
,
ananavarro,239
,
ossoff,238
,
TerryBoutonHist,236
,
jimsciutto,233
,
NPR,232
,
tedcruz,230
,
BillyBaldwin,229
,
HillaryClinton,227
,
DavidCornDC,226
,
PreetBharara,225
,
SachaBaronCohen,225
,
davidmweissman,224
,
Angry_Staffer,219
,
JohnJHarwood,218
,
realTuckFrumper,216
,
GeorgeTakei,214
,
angry__saint,210
,
kye_the_kingz,210
,
murray_nyc,209
,
chipfranklin,208
,
stuartpstevens,207
,
RepAdamSchiff,205
,
waltshaub,201
,
neal_katyal,200
,
ReverendWarnock,199
,
girlsreallyrule,194
,
JeannineofArc,194
,
KanekoaTheGreat,193
,
mehdirhasan,192
,
RealCandaceO,192
,
JackPosobiec,191
,
JuddLegum,190
,
RepsForBiden,189
,
TheRickyDavila,188
,
laurenboebert,188
,
brhodes,186
,
BreeNewsome,182
,
MaryLTrump,181
,
DrEricDing,180
,
lindyli,178
,
yashar,177
,
thebradfordfile,177
,
TrumpWarRoom,177
,
EvanMcMullin,176
,
disclosetv,175
,
MollyJongFast,171
,
RealMattCouch,170
,
DrDenaGrayson,170
,
therecount,169
,
Cleavon_MD,167
,
JenniferJJacobs,167
,
B52Malmet,166
,
StephenKing,166
,
TomJChicago,165
,
RWPUSA,165
,
JasonMillerinDC,164
,
TheDemCoalition,163
,
DonaldJTrumpJr,162
,
RudyGiuliani,162
,
brycetache,160
,
ezraklein,158
,
FPWellman,157
,
sahilkapur,155
,
TimothyDSnyder,154
,
ejeancarroll,154
,
CBSNews,152
,
GeoffRBennett,151
,
nowthisnews,150
,
AngelaBelcamino,150
,
TomFitton,149
,
politvidchannel,148
,
svdate,148
,
spectatorindex,148
,
ewarren,148
,
djrothkopf,146
,
RepJayapal,145
,
sarahcpr,145
,
igorbobic,145
,
NicolleDWallace,145
,
DavidShafer,144
,
ChuckCallesto,143
,
RepDonBeyer,143
,
marklevinshow,143
,
politico,142
,
w_terrence,140
,
Phil_Lewis_,140
,
toddstarnes,139
,
JoJoFromJerz,138
,
ThePlumLineGS,138
,
abbydphillip,138
,
AndrewFeinberg,137
,
emptywheel,137
,
DC_Draino,135
,
DineshDSouza,135
,
Strandjunker,134
,
Ordinary1World,133
,
malcolmkenyatta,133
,
kylenabecker,132
,
themaxburns,131
,
getBiglikeBev,131
,
rgoodlaw,131
,
FoxNews,131
,
MajorPatriot,131
,
kyledcheney,130
,
grantstern,130
,
SenTedCruz,129
,
TheDailyShow,129
,
KaivanShroff,129
,
mrnotwen,128
,
davidcicilline,127
,
joshtpm,126
,
Mippcivzla,126
,
EmeraldRobinson,126
,
cuquemar,126
,
cnnbrk,126
,
YourAnonCentral,126
,
Yamiche,126
,
H_MitchellPhoto,125
,
newsmax,125
,
Lawrence,124
,
KeithOlbermann,123
,
mjs_DC,123
,
Redistrict,123
,
peacheeps,122
,
KimMangone,120
,
mattmfm,120
,
Drebae_,119
,
VP,119
,
NHJennifer,119
,
HKrassenstein,119
,
JoaquinCastrotx,119
,
rmayemsinger,119
,
jelani9,118
,
bryanbehar,118
,
sarahkendzior,117
,
RepValDemings,117
,
daveweigel,117
,
nycsouthpaw,115
,
AWeissmann_,115
,
TheRealHoarse,114
,
louisa_oeffling,114
,
GeorgePapa19,113
,
amyklobuchar,113
,
brianstelter,113
,
nypost,113
,
NickAdamsinUSA,112
,
MarkJacob16,112
,
davidfrum,112
,
trom771,111
,
RichardGrenell,111
,
ggreenwald,111
,
Coll3enG,111
,
VTVcanal8,110
,
NatashaBertrand,110
,
mollyesque,110
,
IngrahamAngle,109
,
AlexThomp,109
,
LLinWood,107
,
JRehling,107
,
ChrisLu44,107
,
seanhannity,106
,
JoeNBC,106
,
charts_k,106
,
lizzyallover,105
,
keithboykin,105
,
sazzygram3,105
,
jmartNYT,105
,
kurtbardella,104
,
thebr0keb0i,103
,
Mediavenir,103
,
RepCori,103
,
KLoeffler,103
,
RepJasonCrow,102
,
DavidBegnaud,101
,
MTV_vote1,101
,
ericgarland,101
,
RepKatiePorter,101
,
duty2warn,100
,
McFaul,100
,
WajahatAli,100
,
MotherJones,100
,
NickKnudsenUS,99
,
steve_vladeck,99
,
sbg1,99
,
gregolear,99
,
HawleyMO,98
,
JakeSherman,98
,
DGComedy,98
,
votevets,98
,
Timodc,97
,
RawStory,97
,
TimRunsHisMouth,97
,
ErinBrockovich,97
,
meenaharris,97
,
atensnut,97
,
business,96
,
travisakers,95
,
Mikel_Jollett,95
,
carlbernstein,95
,
nct_menfess,94
,
Olivianuzzi,94
,
GOP,94
,
DanaBashCNN,94
,
ACTBrigitte,93
,
EleicoesEUA,93
,
abgutman,93
,
LLinWoodFans,93
,
Acyn,92
,
RepSwalwell,92
,
PattyArquette,92
,
MysterySolvent,91
,
Complex,91
,
justinamash,91
,
TravisAllen02,90
,
davidplouffe,90
,
Gian_Neon,90
,
Dknight10k,90
,
RepMeijer,90
,
ElieNYC,90
,
thedailybeast,89
,
peterbakernyt,89
,
jennycohn1,89
,
jdawsey1,89
,
NYGovCuomo,89
,
rishipuff,89
,
DWUhlfelderLaw,88
,
TomiLahren,88
,
Independent,88
,
SenWhitehouse,88
,
SRuhle,88
,
thomaskaine5,87
,
ruthbenghiat,87
,
bblock29,87
,
SkyNews,87
,
Kevinliptakcnn,87
,
DebraMessing,86
,
JakeLobin,86
,
DavidAFrench,86
,
ScottAdamsSays,85
,
johnpavlovitz,85
,
GaSecofState,85
,
TeamTrump,84
,
KlasfeldReports,84
,
CheriJacobus,84
,
LepapillonBlu,84
,
marcorubio,84
,
DanScavino,84
,
JennaEllisEsq,84
,
OANN,83
,
benegotherit,83
,
EricBoehlert,83
,
joshdcaplan,83
,
ACLU,83
,
paulsperry_,82
,
Ramnier,81
,
MrMichaelBurkes,81
,
OlgaNYC1211,81
,
ThePubliusUSA,80
,
senatemajldr,80
,
nprpolitics,80
,
TheRightMelissa,79
,
DavidJollyFL,79
,
Transition46,79
,
StephenAtHome,79
,
DemocracyDocket,79
,
carlquintanilla,79
,
MichaelSteele,79
,
brianschatz,79
,
jayfIirts,78
,
DearAuntCrabby,78
,
ksorbs,78
,
JohnBrennan,78
,
RepElaineLuria,78
,
davidhogg111,78
,
Rschooley,77
,
AliVelshi,77
,
CNNEE,77
,
QasimRashid,77
,
PhilipRucker,77
,
RepBoebert,77
,
ConElMazoDando,77
,
NotHoodlum,77
,
loonatheworld,77
,
kayleighmcenany,77
,
ColumbiaBugle,76
,
keithedwards,76
,
IvankaTrump,76
,
hakeem_jeffries,76
,
ZackBornstein,76
,
JenniferMills21,75
,
BaddCompani,75
,
Yoder_Esqq,75
,
bradheath,75
,
secupp,75
,
ParkerMolloy,75
,
C_C_Krebs,74
,
EpochTimes,74
,
Lrihendry,74
,
SaraCarterDC,74
,
people4kam,74
,
RepMoBrooks,74
,
kirkacevedo,74
,
BarbaraComstock,73
,
benshapiro,73
,
JuddApatow,73
,
andrewrsorkin,72
,
TX_WalkerRanger,72
,
JoshuaPotash,72
,
BTS_twt,71
,
maddow,71
,
BetoORourke,71
,
danielsgoldman,71
,
jilevin,71
,
Trump_Fact_News,71
,
GOPLeader,71
,
ConorLambPA,71
,
biannagolodryga,71
,
RepDianaDeGette,71
,
RiegerReport,70
,
RonFilipkowski,70
,
RepDanKildee,70
,
ElijahSchaffer,70
,
ScottPresler,69
,
BTSChartDailyx,69
,
ABCPolitics,69
,
adamwinkler,69
,
DanPriceSeattle,69
,
Lancegooden,69
,
leandroruschel,69
,
carriecordero,69
,
PeteButtigieg,69
,
WSJ,68
,
CortesSteve,68
,
AmyKremer,68
,
CapitanBitcoin,68
,
revrrlewis,68
,
Rconstantino,68
,
BrendanKeefe,68
,
ryanstruyk,68
,
sfpelosi,68
,
mrbromwich,68
,
TreasureVotes,67
,
rebeccaballhaus,67
,
SenToomey,67
,
RudyGiuIiani_,67
,
SenJeffMerkley,67
,
drewharwell,67
,
FrenchRainez,66
,
OutOfFucksQueen,66
,
TimAlberta,66
,
RobAnderson2018,66
,
HamillHimself,66
,
CKeirns,66
,
Jillbiden46,65
,
mtracey,65
,
AndrewPollackFL,65
,
brianklaas,65
,
getongab,65
,
TheDweck,65
,
AdamSerwer,65
,
hermanntertsch,65
,
thenation,65
,
RepDean,65
,
Public_Citizen,65
,
gregkellyusa,65
,
Wowwlog,65
,
amandacarpenter,64
,
EWErickson,64
,
iheartmindy,64
,
johncusack,64
,
MichaelSSmithII,64
,
MichaelGarofola,64
,
ElenaBerberana,63
,
Sifill_LDF,62
,
MattWalshBlog,62
,
seungminkim,62
,
robertjdenault,62
,
matthewjdowd,62
,
gatewaypundit,62
,
ajplus,62
,
JustSchmeltzer,62
,
SpanbergerVA07,62
,
cxxks___,62
,
HuffPost,61
,
fred_guttenberg,61
,
jsolomonReports,61
,
RandyRainbow,61
,
USATODAY,61
,
HEBobiwine,61
,
KevinMKruse,61
,
PGA,61
,
johnkruzel,61
,
RepLucyMcBath,61
,
MarshaBlackburn,60
,
BenjySarlin,60
,
BTS_History613,60
,
_puebsand,60
,
01Btsxarmy,60
,
Delavegalaw,60
,
cmclymer,60
,
robjyeo,60
,
TotalWorld1,59
,
Bill_Maxwell_,59
,
AZGOP,59
,
gregpmiller,59
,
WindsorMann,59
,
willchamberlain,59
,
AyannaPressley,59
,
michaeltdresser,59
,
guardian,59
,
SykesCharlie,59
,
JaneMayerNYer,59
,
PrisonPlanet,59
,
JuliaDavisNews,59
,
boopyape,59
,
BerniceKing,59
,
Fago712,59
,
RaquelNPhoto,59
,
KelemenCari,58
,
shannonrwatts,58
,
gaviriajrr,58
,
lrozen,58
,
Zarphus,58
,
AmoneyResists,58
,
silvano_trotta,58
,
kristin__wilson,58
,
GabrielSterling,58
,
JonLemire,58
,
eimzcaomhanach,58
,
bphuang12,58
,
SpiroAgnewGhost,57
,
BetteMidler,57
,
RepDeanPhillips,57
,
mollycrabapple,57
,
burgessev,57
,
BrianKarem,57
,
AndrewSolender,57
,
RepJerryNadler,57
,
sirhottest,57
,
MiaFarrow,56
,
aravosis,56
,
PoliticusSarah,56
,
axios,56
,
kenolin1,56
,
TaraSetmayer,56
,
jemelehill,56
,
NBCPolitics,56
,
RepChrisStewart,56
,
Out5p0ken,56
,
nytmike,56
,
LabyrinthWeaver,55
,
knalquestionese,55
,
lawschoollex,55
,
KaitMarieox,55
,
jacobsoboroff,55
,
MattNegrin,55
,
Perduesenate,55
,
sbattrawden,55
,
jmpalmieri,55
,
ReportsDaNews,54
,
aaronjcarpenter,54
,
tercalivre,54
,
oneunderscore__,54
,
brianbeutler,54
,
lurraelizabeth9,54
,
MichelleObama,54
,
parlertakes,53
,
LisaMarieBoothe,53
,
Twitter,53
,
emrata,53
,
PressSec,53
,
theresinrebelle,53
,
bluestein,53
,
SteveHofstetter,53
,
davidaxelrod,53
,
cspan,53
,
EricGuster,53
,
BolsoTrumpRaiz,53
,
BernardKerik,52
,
GlennKesslerWP,52
,
FogCityMidge,52
,
amvetsupport,52
,
MarkDice,52
,
LouDobbs,52
,
AmyAThatcher,52
,
Schwarzenegger,52
,
oliverdarcy,52
,
richsignorelli,52
,
DavidJHarrisJr,52
,
theangiestanton,51
,
JonathanTurley,51
,
BuzzFeedNews,51
,
MrJonCryer,51
,
RealKyleMorris,51
,
AFPespanol,51
,
dlippman,51
,
BreitbartNews,50
,
perlmutations,50
,
latimes,50
,
PamKeithFL,50
,
DeanObeidallah,50
,
BradleyWhitford,50
,
donmoyn,50
,
marklutchman,50
,
opropriolavo,50
,
AJEnglish,50
,
voxdotcom,50
,
TheDailyEdge,50
,
alfranken,50
,
mtgreenee,50
,
MZHemingway,50
,
EmmaKinery,50
,
lonzobentley,50
,
johnrich,50
,
AFP,49
,
TheBabylonBee,49
,
EvanAKilgore,49
,
OMGno2trump,49
,
MeghUpdates,49
,
TeamGOT7Vote_TH,49
,
AlbertBrooks,49
,
ARMYTEAMIID,49
,
GOPChairwoman,49
,
NewYorkStateAG,49
,
Yahoo,48
,
essenviews,48
,
NikkiHaley,48
,
RepMcGovern,48
,
JesseKellyDC,48
,
dylanobrien,48
,
renato_mariotti,48
,
realpfigueiredo,48
,
AVindman,48
,
Maximus_4EVR,48
,
CawthornforNC,47
,
NickJFuentes,47
,
AnnieGabstonH,47
,
TVietor08,47
,
mitchellreports,47
,
kelliwardaz,47
,
tomiahonen,47
,
jonlovett,47
,
LanaDelRey,47
,
DecisionDeskHQ,47
,
SenSanders,46
,
JohnSmithChgo,46
,
garciabanchs,46
,
VABVOX,46
,
hasanthehun,46
,
KatyTurNBC,46
,
JohnFugelsang,46
,
CarolLeonnig,46
,
johncardillo,46
,
FLOTUS,46
,
Kasparov63,46
,
christina_bobb,46
,
ChristopherHahn,45
,
allanldsantos,45
,
DrGJackBrown,45
,
rosapantin1301,45
,
AgustinLaje,45
,
KatiePavlich,45
,
TheAtlantic,45
,
TrumpFrance,45
,
MaihenH,45
,
MeetThePress,45
,
jonathanvswan,45
,
tonyschwartz,45
,
GarrettHaake,45
,
Fahrenthold,45
,
realLizUSA,45
,
JuliaEAinsley,45
,
dom_dotty,45
,
SenSherrodBrown,45
,
samstein,44
,
Franklin_Graham,44
,
OhNoSheTwitnt,44
,
jayrosen_nyu,44
,
MeghanMcCain,44
,
ariehkovler,44
,
RepKinzinger,44
,
zerohedge,44
,
yasmincnunez,44
,
ZekeJMiller,44
,
realMikeLindell,44
,
ianbremmer,44
,
newtgingrich,44
,
amuse,44
,
weareoneEXO,44
,
mikememoli,44
,
LilyyAlexander,44
,
NormEisen,43
,
NathanLerner,43
,
POTUS,43
,
a_h_reaume,43
,
ShimonPro,43
,
RepKenBuck,43
,
ProudSocialist,43
,
barry_halverson,43
,
riotwomennn,43
,
PartidoPSUV,43
,
jiggyjayy2,43
,
StevenTDennis,43
,
piersmorgan,43
,
jeremynewberger,43
,
MEPFuller,43
,
RepThomasMassie,43
,
JohnFetterman,43
,
ResisterSis20,42
,
chelseahandler,42
,
HotlineJosh,42
,
TheView,42
,
JohnWDean,42
,
PopCrave,42
,
Timcast,42
,
MarkRuffalo,42
,
Taniel,42
,
piyushmittal,42
,
AliFish04411332,42
,
danpfeiffer,42
,
hannah_natanson,42
,
cbeidson,42
,
RepHankJohnson,42
,
santiagomayer_,41
,
mei98862477,41
,
Susan_Hennessey,41
,
VanityFair,41
,
businessinsider,41
,
NormOrnstein,41
,
adamdavidson,41
,
rukitori_,41
,
RepAndyBiggsAZ,41
,
RandyRRQuaid,41
,
TheUSASingers,40
,
brithume,40
,
RonBrownstein,40
,
crossimg_Bot,40
,
TalbertSwan,40
,
ZaleskiLuke,40
,
Forbes,40
,
TimHannan,40
,
MSignorile,40
,
SactoCaNative,40
,
ShannonSharpe,40
,
AlertaNews24,40
,
mccaffreyr3,40
,
scottwongDC,40
,
TheOnion,40
,
RedWingGrips,40
,
NYCMayor,40
,
meiselasb,40
,
treasuremfess,39
,
TMZ,39
,
davidsirota,39
,
AynRandPaulRyan,39
,
EspuelasVox,39
,
MalcolmNance,39
,
Scout_Finch,39
,
EAristeguieta,39
,
shaunking,39
,
talliesinyoung,39
,
joelpollak,39
,
SenatorRomney,39
,
timkaine,39
,
GFiuza_Oficial,39
,
NCTsmtown,38
,
KylaInTheBurgh,38
,
GordonGChang,38
,
HC_Richardson,38
,
greggnunziata,38
,
nixw20,38
,
jonkarl,38
,
brabant_adam,38
,
David_Leavitt,38
,
realjunsonchan,38
,
wolfblitzer,38
,
FBI,38
,
jack,38
,
RashidaTlaib,38
,
StageTpop,38
,
ryanjreilly,38
,
RalstonReports,38
,
TimOBrien,38
,
DailyMail,38
,
nicktolhurst,38
,
BolsonaroSP,38
,
samanthamarika1,38
,
EdMarkey,38
,
vermontgmg,38
,
ChrisCuomo,38
,
replouiegohmert,38
,
gregorybrothers,38
,
HerschelWalker,37
,
catturd2,37
,
AaronParnas,37
,
maxschramp,37
,
AhmedBaba_,37
,
JamaalBowmanNY,37
,
Mediaite,37
,
goldengateblond,37
,
Vh1India,37
,
ReesusP,37
,
DavidLammy,37
,
JoshShapiroPA,37
,
politicususa,37
,
MichaelCohen212,37
,
kasie,37
,
BBCWorld,37
,
JYSexton,37
,
RepJoeNeguse,37
,
Chiefs,37
,
ScottMStedman,36
,
BombshellDAILY,36
,
GrandpaSnarky,36
,
kookiejoels,36
,
JohnMappin,36
,
SteveRustad1,36
,
DoYouEvenLif,36
,
DFBHarvard,36
,
john_sipher,36
,
MikeDelMoro,36
,
naima,36
,
ErrolWebber,36
,
elwasson,36
,
AnthonySabatini,36
,
CarlosCruz2016,36
,
tracybeanz,36
,
DavidAGoodman,36
,
NicholsUprising,35
,
GeorgiaDemocrat,35
,
GerryConnolly,35
,
navalny,35
,
Stonekettle,35
,
DeanBrowningPA,35
,
tonyposnanski,35
,
buwygfiib,35
,
mog7546,35
,
DoctorHenryCT,35
,
DemocracyInn,35
,
jadedcreative,35
,
benavey,35
,
kdd7696,35
,
Nigel_Farage,35
,
brunolp30,35
,
rebtanhs,35
,
tejasreina,35
,
ARMYINDOVOTE_,34
,
Mocraig13,34
,
MsLaToshaBrown,34
,
RepSchrader,34
,
60Minutes,34
,
maibortpetit,34
,
MuellerSheWrote,34
,
rulajebreal,34
,
LarrySabato,34
,
RoArquette,34
,
adamgoldmanNYT,34
,
ChristianWalk1r,34
,
ZaidSabah,34
,
Goss30Goss,34
,
Cirincione,34
,
jimmy_dore,34
,
BMeiselas,34
,
Pappiness,34
,
awprokop,34
,
FullFrontalSamB,34
,
JuliusGoat,33
,
ferbelaunzaran,33
,
KatrinaNation,33
,
TrentCapelli,33
,
Newsweek,33
,
OliviaTroye,33
,
CJ_isnowblue,33
,
bjrich_,33
,
ladygaga,33
,
michaelmalice,33
,
BP_VotingTeam,33
,
Teri_Kanefield,33
,
NumbersMuncher,33
,
BettyBowers,33
,
nhannahjones,33
,
thegoodgodabove,33
,
charliekirk11,33
,
kathrynresister,33
,
stephenasmith,33
,
Haggis_UK,33
,
jimmykimmel,33
,
Malinowski,33
,
natureofthings7,33
,
chelle_rcr,33
,
ktumulty,33
,
peterdaou,32
,
maddenifico,32
,
ECMcLaughlin,32
,
MichaelDeLauzon,32
,
VoLinxx,32
,
lisamurkowski,32
,
jxeker,32
,
TitusNation,32
,
EliseStefanik,32
,
Ojeda4America,32
,
thebias_news,32
,
bamableu,32
,
AnandWrites,32
,
RepGosar,32
,
NewsHour,32
,
josh_wingrove,32
,
ConradMBlack,32
,
BGOnTheScene,32
,
Rothbard1776,32
,
Snowden,32
,
SethColaner,32
,
stphnfwlr,31
,
Maestro_May9r,31
,
unwithBW,31
,
rickhasen,31
,
johnlegend,31
,
WhiteHouse,31
,
nedryun,31
,
Roshan_Rinaldi,31
,
NateSilver538,31
,
Wizard_Predicts,31
,
fake_biden,31
,
HeathMayo,31
,
LiteraryMouse,31
,
alexsalvinews,31
,
AymanM,31
,
RepJeffries,31
,
nycjim,31
,
AP_Politics,31
,
duckfignewtons,31
,
jules_su,31
,
DrOlufunmilayo,31
,
davidehrlich,31
,
PhillDKline,31
,
MarkMeadows,31
,
benandjerrys,31
,
ForTheRuleOfLaw,30
,
NCTDreamINA,30
,
pastorlocke,30
,
levparnas,30
,
joshscampbell,30
,
AlexandraChalup,30
,
CoryBooker,30
,
NYinLA2121,30
,
EarlOfEnough,30
,
OfficialMonstaX,30
,
BoutrousTed,30
,
TIME,30
,
AndrewYang,30
,
el_pais,30
,
Javierito321,30
,
AmyMcGrathKY,30
,
jimbourg,30
,
YahooNews,30
,
daveypinks,30
,
cbouzy,30
,
AdamSchiff,30
,
ChristopherJM,30
,
guypbenson,30
,
UberFacts,30
,
mattsheffield,30
,
miotei,30
,
JoshuaMatz8,30
,
MilesTaylorUSA,30
,
X22Report,30
,
JovanHPulitzer,30
,
PeteHegseth,30
,
DrKarlynB,30
,
SebGorka,29
,
wdunlap,29
,
ECrumrine,29
,
JonahDispatch,29
,
juliettekayyem,29
,
LincolnsBible,29
,
JulianCastro,29
,
Frank_Schaeffer,29
,
stoolpresidente,29
,
ForestAutonomy,29
,
RottenInDenmark,29
,
AndyOstroy,29
,
AnIllicitWriter,29
,
McCormackJohn,29
,
bhweingarten,29
,
kpopidol_en,29
,
CNBC,29
,
Kokomothegreat,29
,
ChrisMegerian,29
,
_cingraham,29
,
anneapplebaum,29
,
WilliamTurton,29
,
3days3nights,29
,
mayaharris_,29
,
pedstk_ac130,29
,
bryanedwardhill,29
,
USRepMikeDoyle,29
,
DailyCaller,28
,
Partisangirl,28
,
shomaristone,28
,
jbarro,28
,
ldpsincomplejos,28
,
michaeljknowles,28
,
eugenegu,28
,
TheGoodLiars,28
,
selectedwisdom,28
,
MonstaXVotingSQ,28
,
Ruth_HHopkins,28
,
OrbitaEduardo,28
,
RepJamesComer,28
,
notcapnamerica,28
,
jbendery,28
,
alexbruesewitz,28
,
tomselliott,28
,
DerekCressman,28
,
maziehirono,28
,
NikoNe_san_2525,28
,
TheLastRefuge2,28
,
Joy_Villa,28
,
TheLeadCNN,28
,
JesseRodriguez,28
,
_SJPeace_,28
,
edthahead,28
,
L0VESICKGOGY,28
,
BillHagertyTN,28
,
politicoalex,28
,
edmnangagwa,28
,
Fresh_Logic,28
,
pakjeprii,27
,
LeahR77,27
,
Trey_VonDinkis,27
,
MMFlint,27
,
mattyglesias,27
,
UROCKlive1,27
,
HuffPostPol,27
,
va_shiva,27
,
ThomasSowell,27
,
schwartzbCNBC,27
,
AllenLEllison,27
,
MingGao26,27
,
smc429,27
,
AuthorKimberley,27
,
CNNSotu,27
,
chaser,27
,
4everNeverTrump,27
,
conexaopolitica,27
,
drippin,27
,
senrobportman,27
,
RichardDawkins,27
,
AriMelber,27
,
AriFleischer,27
,
markmobility,27
,
JudiciaryGOP,27
,
alexnazaryan,27
,
MikeBalsamo1,27
,
jbouie,27
,
NancySinatra,27
,
AttorneyCrump,27
,
SohrabAhmari,27
,
JonFlan,27
,
PeterAlexander,27
,
JStein_WaPo,27
,
LALewman,27
,
PaulBegala,27
,
WesleyLowery,27
,
dpakman,27
,
johniadarola,27
,
itsLaycon,27
,
WW_NEWS_,27
,
dereckapurnell,27
,
SenRonJohnson,26
,
JamesGunn,26
,
BeSmoove7,26
,
Savage_Schmidt,26
,
BillOReilly,26
,
BandyXLee1,26
,
TheOfficerTatum,26
,
Hanielino,26
,
LifeNewsHQ,26
,
Menegov_,26
,
MaxBoot,26
,
PanAmPost_es,26
,
SharylAttkisson,26
,
VoteBH_2020,26
,
whstancil,26
,
kurteichenwald,26
,
LOLGOP,26
,
middleageriot,26
,
RealSaavedra,26
,
BethLynch2020,26
,
pbump,26
,
mekkaokereke,26
,
CongressmanRaja,26
,
davidgura,26
,
owillis,26
,
AmyEGardner,26
,
justinbaragona,26
,
RonnyJacksonTX,26
,
CNBCnow,26
,
AshleyRParker,26
,
OverlordEXO,26
,
PelosiBurner,26
,
SenBobCorker,26
,
RichardEngel,26
,
happyroadkill,26
,
SenatorTimScott,25
,
fanplus_app,25
,
PresidencialVE,25
,
Cernovich,25
,
MichaelRapaport,25
,
UnSubtleDesi,25
,
DavidPepper,25
,
madrid_mike,25
,
itvnews,25
,
MartynMcL,25
,
JamesNavaCom,25
,
TXT_members,25
,
Quicktake,25
,
BlackCatUnloads,25
,
oXxRowanxXo,25
,
TheEconomist,25
,
felipeneto,25
,
Alyssa_Milano,25
,
DeaconBlues0,25
,
JasonOverstreet,25
,
NewYorker,25
,
american2084,25
,
jennfranconews,25
,
gabrielsherman,25
,
covie_93,25
,
saraecook,25
,
briebriejoy,25
,
Lollardfish,25
,
HouseGOP,25
,
EricRWeinstein,25
,
enhypenvotecrew,25
,
BBCPropagandist,25
,
hannahcrileyy,25
,
BBCBreaking,25
,
Change,25
,
Ilhan,25
,
chrsbakr,25
,
CharlotteAlter,25
,
davidwebbshow,25
,
MarkCongressGA7,25
,
bessbell,25
,
DaxGigandet,25
,
CodeMonkeyZ,25
,
ruangguru,25
,
NgiraanFall,25
,
abdullahciftcib,24
,
HapsburgJaw,24
,
KarenAttiah,24
,
CrimeADay,24
,
littledeekay,24
,
RepKevinBrady,24
,
dancohen3000,24
,
rickwtyler,24
,
bigbodybae,24
,
KellyannePolls,24
,
ryangrim,24
,
DesignationSix,24
,
OpIndia_com,24
,
edwardxrami,24
,
nytopinion,24
,
davenewworld_2,24
,
BrunoAmato_1,24
,
ActualidadRT,24
,
f_philippot,24
,
jamiedupree,24
,
IsaacDovere,24
,
WhipClyburn,24
,
cenkuygur,24
,
PostOpinions,24
,
Breaking911,24
,
SexCounseling,24
,
Phil_Mattingly,24
,
rgay,24
,
repmarkpocan,24
,
JimGaffigan,24
,
crampell,24
,
deanofdublin,24
,
GeraldoRivera,24
,
RandPaul,24
,
sarahlugor,24
,
FiveRights,24
,
michaelharriot,24
,
TheTNHoller,24
,
aaronjmate,24
,
molly_knight,24
,
EricLiptonNYT,24
,
RepSpeier,24
,
BAMBOOMRAP,24
,
joshgad,24
,
AprilDRyan,24
,
GovCTW,24
,
npfandos,24
,
MariVeloza,24
,
Kantrowitz,24
,
_RobertSchultz,24
,
ATEEZ_SMA,23
,
TrumperWavin,23
,
DiretoDaAmerica,23
,
osullivanauthor,23
,
C_3C_3,23
,
KatiePhang,23
,
takarin___7,23
,
RepTimRyan,23
,
DanielNewman,23
,
DiscussingFilm,23
,
ninaturner,23
,
ATEEZInterN,23
,
jefftimmer,23
,
JillWineBanks,23
,
laderechamedios,23
,
slpng_giants,23
,
BleedingMarine,23
,
richimedhurst,23
,
PeterStefanovi2,23
,
cyanblink,23
,
EmmaRincon,23
,
ateez_wd,23
,
CMonteroOficial,23
,
mhmck,23
,
KellyO,23
,
richardmarx,23
,
leahmcelrath,23
,
J_Mei21,23
,
patrick_edery,23
,
SenatorCollins,23
,
WatchChad,23
,
AmandiOnAir,23
,
RepRaskin,23
,
Rockprincess818,23
,
srivatsayb,23
,
NotATweeter16,23
,
glennbeck,23
,
MaajidNawaz,23
,
HelenResists,23
,
rgtino7,23
,
FredTJoseph,23
,
angeldee0,23
,
RahulOfficialFC,23
,
rollcall,23
,
Thecuteststar,23
,
SenatorLankford,23
,
HeidiNBC,23
,
WayneDupreeShow,23
,
MusicMundial,23
,
LATiffani1,23
,
SammyKoppelman,23
,
SJPFISH,23
,
GhostEzra,23
,
RepMikeRogersAL,23
,
Freeyourmindkid,23
,
KarlousM,23
,
carlykimmel,23
,
NRKveronica,23
,
laurabranigan,23
,
dcexaminer,22
,
MiguelFontan,22
,
JeffreyGuterman,22
,
KPOP_TREND2020,22
,
shanlonwu,22
,
fawfulfan,22
,
stephenfhayes,22
,
ericmetaxas,22
,
ClaraJeffery,22
,
insidernews,22
,
BidenInaugural,22
,
EXOPublicity,22
,
mattgaetz,22
,
ByMikeBaker,22
,
StayVotingZone,22
,
jamisonfoser,22
,
FirenzeMike,22
,
ifindkarma,22
,
lifesafeast,22
,
EdanClay,22
,
TrinityResists,22
,
TWICE_VW,22
,
CorentinSellin,22
,
megynkelly,22
,
evanmcmurry,22
,
RyanLizza,22
,
akjakalope,22
,
juliaioffe,22
,
radleybalko,22
,
jaredlholt,22
,
SafetyPinDaily,22
,
Politics_PR,22
,
benFranklin2018,22
,
TheDemocrats,22
,
ANI,22
,
Burrite,22
,
thecjpearson,22
,
DavidNakamura,22
,
MTV,22
,
cliffordlevy,22
,
RubinReport,22
,
FiveThirtyEight,22
,
benstracy,22
,
HeavenlyGrandpa,22
,
SenDuckworth,22
,
RuxanaNargol,22
,
RepBrianMast,22
,
MrKRudd,22
,
lolaweb71,22
,
orlandosentinel,22
,
rising_serpent,22
,
NYTnickc,22
,
RussInCheshire,22
,
afpfr,22
,
tobonsanin,22
,
jackturmanIII,22
,
shoetsusato,21
,
Jouberth19,21
,
mil_ops,21
,
battletested5,21
,
BTSTREAMPARTY,21
,
ACTforAmerica,21
,
supermodeldaiIy,21
,
davidlitt,21
,
BeholdIsrael,21
,
aroseblush,21
,
dandrezner,21
,
EricKleefeld,21
,
RepVernonJones,21
,
judgeyourself99,21
,
JamesSACorey,21
,
forNCT_DREAM,21
,
tw_votingteam,21
,
kingsrush,21
,
RepLizCheney,21
,
IAmSophiaNelson,21
,
BJP4India,21
,
RepLeeZeldin,21
,
lemondefr,21
,
HawaiiDelilah,21
,
AaronBlake,21
,
CalebJHull,21
,
kelly2277,21
,
NotTrump1946,21
,
magi_jay,21
,
RachelBitecofer,21
,
RayRedacted,21
,
InternetHippo,21
,
EdWhelanEPPC,21
,
NYMag,21
,
Stray_Kids,21
,
ATEEZofficial,21
,
deAdder,21
,
JKPreachersgirl,21
,
StateDept,21
,
taoquei1,21
,
michaelianblack,21
,
MZanona,21
,
bubbaprog,21
,
RepFischbach,21
,
ShaneGoldmacher,21
,
KingJosiah54,21
,
Teesa_Michele,21
,
Lesdoggg,21
,
FOR_ENHYPENJAKE,21
,
AfricaStoryLive,21
,
GrrrGraphics,21
,
colbertlateshow,21
,
PodSaveAmerica,21
,
Pink,21
,
bfraser747,20
,
AnnCoulter,20
,
natemax,20
,
TGlobalOfficial,20
,
heatherscope,20
,
bjwinnerdavis,20
,
ConceptualJames,20
,
Rosenchild,20
,
BTSVotingIndo,20
,
OrinKerr,20
,
NorbertElekes,20
,
RepDeSaulnier,20
,
randomyoko,20
,
HotepJesus,20
,
theskindoctor13,20
,
Elaijuh,20
,
magalawbrian,20
,
BryanDawsonUSA,20
,
Trump_Detester,20
,
Eugene_Scott,20
,
tburages,20
,
TwitterSafety,20
,
naoyafujiwara,20
,
ByronYork,20
,
WordswithSteph,20
,
nctzenbase,20
,
HRHAdeyemiAdams,20
,
propublica,20
,
m_mendozaferrer,20
,
Luviesexy,20
,
QuintForgey,20
,
UOLNoticias,20
,
DanCrenshawTX,20
,
smotus,20
,
MikeSington,20
,
DiamondandSilk,20
,
mansoortshams,20
,
liamstack,20
,
SocialistMMA,20
,
Yair_Rosenberg,20
,
EdwardTHardy,20
,
stevesilberman,20
,
lauhaim,20
,
alaynatreene,20
,
UniNoticias,20
,
AsteadWesley,20
,
jungwonsfilter,20
,
MichaelBKelley,20
,
themodalice,20
,
BoSnerdley,20
,
OnlyOneTeeta,20
,
Damadeferroofic,20
,
PepeMatter,20
,
ProfessorCrunk,20
,
Doubleaajay,20
,
ChipMitchell1,20
,
LTGHRMcMaster,20
,
JvittalTV,20
,
WalkerBragman,19
,
news_ntd,19
,
FordJohnathan5,19
,
johnpilger,19
,
kohyu1952,19
,
KatieHill4CA,19
,
Booker4KY,19
,
PleaseBeGneiss,19
,
tuckwoodstock,19
,
JohnGHendy,19
,
Slate,19
,
jtlevy,19
,
TelemundoNews,19
,
andrewkimmel,19
,
MashiRafael,19
,
conservatyler,19
,
mat_johnson,19
,
daft_editor,19
,
GrimKim,19
,
janellejcomedy,19
,
johnrobertsFox,19
,
AJDelgado13,19
,
reedgalen,19
,
GabrielaTafur,19
,
DavidYankovich,19
,
DogginTrump,19
,
kazweida,19
,
LalisaTheAce,19
,
Sundae_Gurl,19
,
RVAT2020,19
,
EXOfanfess,19
,
MobilePunch,19
,
RobertMackey,19
,
LaCroixduSud3,19
,
chrisjollyhale,19
,
karaswisher,19
,
Tom_Winter,19
,
paulcshipley,19
,
Popehat,19
,
ChidiNwatu,19
,
lopezdoriga,19
,
Sbh08Mae,19
,
DanAlexander21,19
,
MISSDIORJISOO,19
,
TiffanyATrump,19
,
jeneps,19
,
tooronlists,19
,
marwilliamson,19
,
TPM,19
,
camanpour,19
,
CraigCaplan,19
,
Chargers,19
,
danielPMERJ,19
,
aleexmonthh,19
,
ReutersJapan,19
,
anthonycwalker,19
,
CAPAction,19
,
jameshohmann,19
,
RepNewhouse,19
,
SB19KENTINATION,19
,
evoespueblo,19
,
santana_nadiaaa,19
,
ChadPergram,19
,
JeffFlake,19
,
JonNegroni,19
,
FrostyTakes,19
,
kimlipheejin,19
,
RepDavidEPrice,19
,
yesica,19
,
FoxxFiles,19
,
StephenMangan,19
,
TendentiousG,19
,
kdmack15,19
,
TalKopan,19
,
Kishan_Devani,19
,
jieunolic,18
,
denisewu,18
,
maxberger,18
,
kenvogel,18
,
BLACKPINK,18
,
SoyLyn05,18
,
btschaneIs,18
,
lunar7ONY,18
,
WorldWireNews1,18
,
tbridis,18
,
HalSparks,18
,
larryelder,18
,
RubenGallego,18
,
JLMelenchon,18
,
cchukudebelu,18
,
KwikWarren,18
,
AlfredoPena27,18
,
o_ema,18
,
miya397156651,18
,
NoahBookbinder,18
,
RoguePOTUSStaff,18
,
SenateGOP,18
,
sahouraxo,18
,
dwnews,18
,
BBCNews,18
,
Crixiest,18
,
RKJ65,18
,
jasonintrator,18
,
BFMTV,18
,
Nate_Cohn,18
,
FrankLuntz,18
,
kathygriffin,18
,
ResisterForever,18
,
victorlavalle,18
,
bbcmundo,18
,
paulkrugman,18
,
ABCWorldNews,18
,
RepBarbaraLee,18
,
stclairashley,18
,
MaxBlumenthal,18
,
kathrynw5,18
,
SweetFnLucifer,18
,
IvanCepedaCast,18
,
CyrusMMcQueen,18
,
swin24,18
,
leftcoastbabe,18
,
ObsoleteDogma,18
,
Jota_DBS,18
,
exavierpope,18
,
IGN,18
,
albamonica,18
,
barnes_law,18
,
Papi__Kev,18
,
MarkWarner,18
,
LA_SassyPants,18
,
MikeLevin,18
,
Porter_Anderson,18
,
edokeefe,18
,
hshaban,18
,
blackwomenviews,18
,
kimKBaltimore,18
,
BradMossEsq,18
,
skzranking,18
,
nickreeves9876,18
,
AnaPaulaVolei,18
,
RepRoKhanna,18
,
CUBE_PTG,18
,
RVsmtown,18
,
ElQueLosDELATA,18
,
yoonligth,18
,
DonCorneliano2,18
,
TheAbuzerr,18
,
brighterday1227,18
,
nathfinancas,18
,
GOT7BBS50TH,17
,
CharlesPPierce,17
,
cjcmichel,17
,
Univers_Bangtan,17
,
TheJordanRachel,17
,
BulldogShadow,17
,
dhruv_rathee,17
,
ChrisAlbertoLaw,17
,
EricaGrieder,17
,
JudgeJeanine,17
,
nathanlawkc,17
,
TimAeppel,17
,
Telegraph,17
,
haskologlu,17
,
ABHISIN66231669,17
,
Toure,17
,
johnnyrwhitsett,17
,
SB19Official,17
,
KS_1013,17
,
darrengrimes_,17
,
Hoosiers1986,17
,
chuckwoolery,17
,
ResisterDude,17
,
Alvisepf,17
,
dimacgarcia,17
,
ashtonpittman,17
,
PhillyD,17
,
VOTE_TREASURETH,17
,
BorisJohnson,17
,
reinaldoazevedo,17
,
ABC7,17
,
ClayTravis,17
,
WonderKing82,17
,
thechrisbarron,17
,
jdickerson,17
,
KyleKulinski,17
,
stevenportnoy,17
,
NYDailyNews,17
,
tobymorton,17
,
treasuremembers,17
,
Joyce_Karam,17
,
PadmaLakshmi,17
,
snopes,17
,
RealOmarNavarro,17
,
ElAmerican_,17
,
TajinderBagga,17
,
fisgonmonero,17
,
ScottBaio,17
,
FrankFigliuzzi1,17
,
Viczuri,17
,
Nanisimo,17
,
Rasmussen_Poll,17
,
MrAndyNgo,17
,
lauferlaw,17
,
DJJudd,17
,
InTheNoosphere,17
,
weijia,17
,
BashirAhmaad,17
,
YAppelbaum,17
,
LizClaman,17
,
TrueFactsStated,17
,
scalzi,17
,
mikegalsworthy,17
,
NicAtNigh,17
,
WillSmithNH,17
,
RogerMarshallMD,17
,
hourIyjay,17
,
RonGOPVet4Biden,17
,
JohnBasham,17
,
grace_panetta,17
,
richardhine,17
,
WashTimes,17
,
WeTheInevitable,17
,
CombatLVL,17
,
JimMFelton,17
,
Julio_Rosas11,17
,
TribalSpaceCat,17
,
shannonpurser,17
,
_TheAncientOne_,17
,
wearepoweruk,16
,
LynzforCongress,16
,
ENHYPENews,16
,
FrankAmari2,16
,
txtvotingcrew,16
,
Raiklin,16
,
HuffmanForNC,16
,
DonnaWR8,16
,
HowardKurtz,16
,
CNNnewsroom,16
,
cfranganillo,16
,
RepMarkTakano,16
,
RonMilnerBoodle,16
,
BFriedmanDC,16
,
spiritnght,16
,
NCTDREAMCENTER,16
,
JurassicPark2go,16
,
RoKhanna,16
,
NRSC,16
,
carlosjordy,16
,
inutilismofdc,16
,
mccarthyryanj,16
,
pbhushan1,16
,
RAZ0RFIST,16
,
MaddowBlog,16
,
mhdksafa,16
,
Francois_Ruffin,16
,
DCM_online,16
,
Valeurs,16
,
GOT7_Quote,16
,
alfonslopeztena,16
,
MaziNnamdiKanu,16
,
txtgenleaders,16
,
CapehartJ,16
,
RepMTG,16
,
UrbanAchievr,16
,
omarbula,16
,
Laurie_Garrett,16
,
LaurinhaIronic,16
,
SethCotlar,16
,
JolyonMaugham,16
,
MollyNagle3,16
,
afneil,16
,
DrPaulGosar,16
,
PDXEleven,16
,
donie,16
,
rudepundit,16
,
KBSpangler,16
,
Cybelita,16
,
howardfineman,16
,
imillhiser,16
,
BCOOL333,16
,
bstpeach,16
,
hunterw,16
,
myjoytxt,16
,
twicebsocial,16
,
Mike_Eckel,16
,
jorgeramosnews,16
,
joshgerstein,16
,
democracynow,16
,
BNONews,16
,
lynnv378,16
,
DrJasonJohnson,16
,
taniapsuv,16
,
fairfightaction,16
,
HunterJCullen,16
,
WakeUp2Politics,16
,
JDiamond1,16
,
ErnestoEkaizer,16
,
mchooyah,16
,
AngelaRayner,16
,
jfreewright,16
,
SenatorHick,16
,
soledadobrien,16
,
Brevesdepresse,16
,
SpockResists,16
,
carlaangola,16
,
TranslateRealDT,16
,
RollingStone,16
,
b7andonnn,16
,
brianefallon,16
,
1035KISSFM,16
,
elespectador,16
,
bocxtop,16
,
btsvoting_crew,16
,
PastorDScott,16
,
jungwontwothree,16
,
AdeolaFayehun,16
,
treasure_sma,16
,
GerardBattenUK,16
,
BrunoAm05317727,16
,
FamousBL3,16
,
SarahLongwell25,16
,
updateez,16
,
Annakhait,16
,
JustinGrayWSB,16
,
davidschneider,16
,
tbonier,16
,
SteveScalise,16
,
KHandozo,16
,
hrkbenowen,16
,
BrianDMcBride,16
,
electromilc,16
,
Truckeepix,16
,
iamcardib,16
,
ADRIANAAZZIAS,16
,
DeadStateTweets,16
,
KevCoke6,16
,
d_weezy,16
,
RepAngieCraig,16
,
GravelInstitute,15
,
charlesbethea,15
,
jack_hikuma,15
,
GunnelsWarren,15
,
RodneyCaston,15
,
JhopeVotingTeam,15
,
cher,15
,
TexasTribune,15
,
axcomrade,15
,
AngryBlackLady,15
,
DavidCayJ,15
,
JoyVBehar,15
,
shaun_vids,15
,
CesareSacchetti,15
,
VotingTeamSB19,15
,
Matthew_4_Trump,15
,
mtsw,15
,
OrlvndoA,15
,
SureReality,15
,
G_Translators6,15
,
GlobalBlackPink,15
,
caitoz,15
,
shossy2,15
,
reputxtation,15
,
brasil247,15
,
F_Desouche,15
,
guardiannews,15
,
oiIuiz,15
,
JuliaHB1,15
,
BobPersis,15
,
Marmel,15
,
SassyKadiK,15
,
camilocnn,15
,
henryrodgersdc,15
,
Eiggam5955,15
,
KnowNothingTV,15
,
ScottHech,15
,
Leslieoo7,15
,
CBCAlerts,15
,
JesseCharlesLee,15
,
lordivan22,15
,
th3j35t3r,15
,
SenAngusKing,15
,
speechboy71,15
,
RevJacquiLewis,15
,
HeerJeet,15
,
nypapajoe,15
,
rolandsmartin,15
,
TeaRoomBetty,15
,
Kenny_Sowellfan,15
,
jimrutenberg,15
,
NPRinskeep,15
,
Sen_JoeManchin,15
,
LOVREGA,15
,
irishrygirl,15
,
DaniellaMicaela,15
,
Matt4VA,15
,
MatthewKeysLive,15
,
conscious_sis,15
,
TXT_bighit,15
,
RyannMcEnany,15
,
MsPackyetti,15
,
ENHYPENGLOBAL,15
,
jentaub,15
,
GovMurphy,15
,
gaceta_es,15
,
Variety,15
,
OB_Inc_KC,15
,
NoahShachtman,15
,
GuilhermeBoulos,15
,
PabloEchenique,15
,
CRRJA5,15
,
rorycooper,15
,
DiazCanelB,15
,
lewis_goodall,15
,
CBS_Herridge,15
,
epochtimes_jp,15
,
sarahnferris,15
,
EdbrohamLincoln,15
,
JazzShaw,15
,
BrendanNyhan,15
,
PeccaryNotPig,15
,
ND4BETO,15
,
TheTweetOfGod,15
,
katewillett,15
,
mrjamesob,15
,
KaraScannell,15
,
ChouhanShivraj,15
,
P8R1OT,15
,
AnneElizabethUS,15
,
LeonKrauze,15
,
kenklippenstein,15
,
SenTomCotton,15
,
AndyBurnhamGM,15
,
TheKingCenter,15
,
canyonIarrie,15
,
ava,15
,
RepSylviaGarcia,15
,
livvcovarrubias,15
,
The_Acumen,14
,
NatalieJHarp,14
,
JGaffneyUSN,14
,
questauthority,14
,
JudicialWatch,14
,
AliciaOnMSNBC,14
,
AmericaFightHim,14
,
SenTinaSmith,14
,
yoonietangerine,14
,
timjacobwise,14
,
Fxhedgers,14
,
cbranch89,14
,
JournalistJG,14
,
RitaPanahi,14
,
RamenhaeMXMB,14
,
New_Narrative,14
,
BobjeffHD,14
,
loneblockbuster,14
,
g1,14
,
AricToler,14
,
Strrychenle,14
,
Atrios,14
,
MarkHarrisNYC,14
,
MikaelThalen,14
,
__Verlaine__,14
,
PedroAn11018071,14
,
petestrzok,14
,
PeterSweden7,14
,
BranaaJean,14
,
FormerSenSnowe,14
,
axidentaliberal,14
,
theintercept,14
,
PublicityforJk,14
,
mjfree,14
,
kirstiealley,14
,
carolecadwalla,14
,
heathergtv,14
,
bobcesca_go,14
,
WestWingReport,14
,
elpais_america,14
,
lunaticopresid1,14
,
GordonDimmack,14
,
davidchapman141,14
,
Greg_Palast,14
,
DeadlineWH,14
,
teleSURtv,14
,
kerrywashington,14
,
greenfield64,14
,
TXTOFFlCIAL,14
,
jsrailton,14
,
MattGarrahan,14
,
dejanirasilveir,14
,
NRA,14
,
DefenseBaron,14
,
TaxReformExpert,14
,
Weinsteinlaw,14
,
TuckerCarlson,14
,
juan_diaz12,14
,
Trillasaurus,14
,
XXL,14
,
kpophappenings_,14
,
MaxKennerly,14
,
DonLew87,14
,
BenJolly9,14
,
dgordon52,14
,
DonaldOfWallSt,14
,
BlairBrandt,14
,
RepDLesko,14
,
KikiAdine,14
,
GMA,14
,
Snow_Blacck,14
,
GOT7StreamTeam,14
,
nberlat,14
,
JeffreyGoldberg,14
,
cnni,14
,
dsamuelsohn,14
,
mviser,14
,
Bencjacobs,14
,
RealMickFoley,14
,
BulwarkOnline,14
,
LisaDaftari,14
,
ABCNewsLive,14
,
BrianMastFL,14
,
Lenin,14
,
rahulvaidya23,14
,
jonallendc,14
,
LaraLeaTrump,14
,
whtsyourmotive,14
,
studentactivism,14
,
DeleMomodu,14
,
talkRADIO,14
,
DavMicRot,14
,
CyrusAParsa1,14
,
MariettoPonce,14
,
VincentCrypt46,14
,
DoyoungVoteTeam,14
,
Shem_Infinite,14
,
AishaYesufu,14
,
jennybethm,14
,
george_revere,14
,
kr3at,14
,
harrylitman,14
,
Politidope,14
,
dbongino,14
,
RobGeorge,14
,
annvandersteel,14
,
ko0kminlov,14
,
KamVTV,14
,
NewGAProject,14
,
barbzstruggle,14
,
saccharinstars,14
,
JohnBWellsCTM,14
,
sethmnookin,14
,
elivalley,13
,
richardgibb8,13
,
the_resistor,13
,
EricTrump,13
,
PattyMurray,13
,
electroboyusa,13
,
robrousseau,13
,
CancilleriaVE,13
,
googlenews,13
,
AudreyStJames1,13
,
JimCarrey,13
,
sandibachom,13
,
lacadri34,13
,
TheEliasRework,13
,
sgurman,13
,
AdamWeinstein,13
,
skzchartdata,13
,
johnlundin,13
,
RepLloydDoggett,13
,
Rover829,13
,
Lee_in_Iowa,13
,
Helenhs,13
,
KenRoth,13
,
petridishes,13
,
ashoswai,13
,
republic,13
,
WilliamReymond,13
,
DebbieLesko,13
,
eldiarioes,13
,
kpop_txt10,13
,
lisanandy,13
,
realFFK,13
,
TXTBigHitWW,13
,
PresidencyZA,13
,
Eleven_Films,13
,
caratvotingcrew,13
,
petersagal,13
,
DragonflyJonez,13
,
samriegel,13
,
ShannonFreshour,13
,
pattonoswalt,13
,
OseKry,13
,
ErkanTrukten,13
,
RzstProgramming,13
,
RamiroBejaranoG,13
,
NicolasMaduro,13
,
Baligubadle1,13
,
BickfordTarin,13
,
farronbalanced,13
,
MailOnline,13
,
HelenKennedy,13
,
julianzelizer,13
,
andrehenry,13
,
puchero344,13
,
heffnera,13
,
HarutoMyRuto,13
,
IamtheDiDi,13
,
LaikenJordahl,13
,
gartmartin9,13
,
SpenceRogers,13
,
loonachartsdata,13
,
treasonstickers,13
,
GustavoBolivar,13
,
swallalisaa,13
,
Santucci,13
,
jennieschords,13
,
dnvolz,13
,
RutherfordRocks,13
,
KublaiK22711323,13
,
MamelaFialloFlo,13
,
RepTedBudd,13
,
igorvolsky,13
,
Olivia_Beavers,13
,
greenhousenyt,13
,
DoriToribio,13
,
GMB,13
,
bulldoghill,13
,
Johnheretohelp,13
,
Clauwild1,13
,
lopezobrador_,13
,
OxfordDiplomat,13
,
BreakingNews,13
,
lawcrimenews,13
,
revistaoeste,13
,
jonward11,13
,
BocuhyBonilha,13
,
ida_skibenes,13
,
MiguelDiazOK1,13
,
LadyJayPersists,13
,
jdmaccoby,13
,
HouseJudiciary,13
,
normative,13
,
MollyMcKew,13
,
naretevduorp,13
,
dave_brown24,13
,
LouiseMensch,13
,
edouardhusson,13
,
jonlis1,13
,
miniminniez,13
,
alizaslav,13
,
MJMcKean,13
,
GrahamAllen_1,13
,
RevDrBarber,13
,
TheHyyyype,13
,
RafaelFontana,13
,
HowardA_Esq,13
,
YellowCube7,13
,
jmclghln,13
,
liquidlaugh,13
,
TiffanyDCross,13
,
_TrendForG7,13
,
harufess,13
,
LeahLitman,13
,
laraseligman,13
,
TheSharpEdge1,13
,
sex_porn_usa_au,13
,
MatthewACherry,13
,
mishacollins,13
,
bama_grl74,13
,
ABlinken,13
,
RationalDis,13
,
nicransome,13
,
lucymcaldwell,13
,
medyaadami,13
,
hawillisdc,13
,
RepJohnRose,13
,
averyswheeler,13
,
jon_trickett,13
,
ianbassin,12
,
ENHYPENVT,12
,
Logic_Triumphs,12
,
glamelegance,12
,
MontyBoa99,12
,
MatthewJshow,12
,
g1owstone,12
,
PaulBongiorno,12
,
Fishbones2020,12
,
Dreuz_1fo,12
,
RepNancyMace,12
,
awards_special,12
,
OjedaCaracas,12
,
ENHYPENONSMA,12
,
YG,12
,
hrtablaze,12
,
21WIRE,12
,
BuckSexton,12
,
oikawa_yukihisa,12
,
TheTweetOfJohn,12
,
RyanAFournier,12
,
RTultimahora,12
,
KagutaMuseveni,12
,
_NOALCOMUNISMO,12
,
jenmercieca,12
,
stillgray,12
,
RepGwenMoore,12
,
drmistercody,12
,
dhershiser,12
,
e_whittler,12
,
IndivisibleTeam,12
,
SarahHuckabee,12
,
TrumpsTaxes,12
,
haaretzcom,12
,
YvesPDB,12
,
LibertarianBlue,12
,
HouseDemocrats,12
,
ntvuganda,12
,
SenKamalaHarris,12
,
mikefarb1,12
,
jasminbhasin,12
,
tariqnasheed,12
,
WisePaxCat,12
,
SawyerHackett,12
,
pdmcleod,12
,
Jdavismpls,12
,
_patriotism_,12
,
EddyJokovich,12
,
VlfMichael,12
,
ajc,12
,
QuotesforGoal,12
,
LIXIELINO,12
,
jpaceDC,12
,
ALT_uscis,12
,
anet2111,12
,
BeyondBlonde3,12
,
MCU_Direct,12
,
charts_yg,12
,
BLACKPINKFML,12
,
MrFrankBaraan,12
,
rtraister,12
,
AGHamilton29,12
,
BuzzFeed,12
,
OT7Ahga,12
,
JRBauza,12
,
realDailyWire,12
,
tia8teez,12
,
davidallengreen,12
,
hwinkler4real,12
,
FDRLST,12
,
pwidakuswara,12
,
sambrodey,12
,
sdr_medco,12
,
CBSEveningNews,12
,
allinwithchris,12
,
SadieMaeTN,12
,
JohnRHewson,12
,
leonalioness6,12
,
PhilipinDC,12
,
jaarreaza,12
,
realPaulMay,12
,
RepRutherfordFL,12
,
Ami_Magazine,12
,
jchaltiwanger,12
,
DKThomp,12
,
MariaCarella12,12
,
jedshug,12
,
TomTiffanyWI,12
,
SenBlumenthal,12
,
JimAndrews518,12
,
redsteeze,12
,
DrBiden,12
,
RepTomColeman,12
,
BleacherReport,12
,
JohnJCrace,12
,
skz_usa,12
,
ssjyshjmy,12
,
EamonJavers,12
,
laralogan,12
,
stone_circle,12
,
ascpNYC,12
,
deaninserra,12
,
MichaelArt123,12
,
doqholliday,12
,
Bubblebathgirl,12
,
ADELAIDEWEASLEY,12
,
SelenaSquad8,12
,
123RHGreen,12
,
WeneeMonbebeMX7,12
,
BlueSky_Report,12
,
sannewman,12
,
SGVS_SuhoVoting,12
,
SoftJino,12
,
defencesss,12
,
JanNWolfe,12
,
MaryamNSharif,12
,
guyverhofstadt,12
,
mmcintire,12
,
GaRepublicans,12
,
FoleyandLardner,12
,
pithywidow,12
,
petehasabeard,12
,
Utah_17,12
,
ODell_Nathaniel,12
,
CarlyPildis,12
,
1elvispadilla,12
,
rachdele,12
,
marsha_vivinate,12
,
Connichameleon2,12
,
ClintSmithIII,12
,
judgeluttig,12
,
RepDavids,12
,
RanaAyyub,12
,
skylarvibes,12
,
NoAlternative20,12
,
schafferwmar,12
,
JMitchellWSJ,12
,
PedroPascal1,12
,
makucasado,11
,
TwitterMoments,11
,
El_Universal_Mx,11
,
jisunglicious,11
,
GOT7Official,11
,
mike_wanaoni,11
,
seventeenpedia,11
,
PaulSteveSamuel,11
,
RobertoMTico,11
,
vote4kths,11
,
RobbieGramer,11
,
RomancingNope,11
,
Emolclause,11
,
mattxiv,11
,
jiminoosaurus,11
,
Women4Biden,11
,
mikedrake178,11
,
mikepompeo,11
,
amitmalviya,11
,
jbf1755,11
,
KagroX,11
,
ChuckGrassley,11
,
TheeSupavillain,11
,
lawhawk,11
,
narendramodi,11
,
BrandonStraka,11
,
CTVNews,11
,
CitizenWonk,11
,
127voting,11
,
Andrew_Adonis,11
,
treasuremenfess,11
,
mirandayaver,11
,
arielmou,11
,
Dr__Levi,11
,
ajamubaraka,11
,
chiproytx,11
,
parscale,11
,
OnceToTwice9,11
,
Ateez_League,11
,
SenMarkey,11
,
SenatorBraun,11
,
BLINKVotingPage,11
,
TheJessieWoo,11
,
TurnbullMalcolm,11
,
shoe0nhead,11
,
Whee_GlobalWind,11
,
aleixclario,11
,
mattblaze,11
,
HoracioRubio97,11
,
JamesTodaroMD,11
,
DamienRieu,11
,
JuntsXCat,11
,
krystalball,11
,
KenTremendous,11
,
MattBraynard,11
,
SonnyBunch,11
,
RubenSanchezTW,11
,
SUBRATA30016572,11
,
commondreams,11
,
ThatTimWalker,11
,
filgmartin,11
,
KenPaxtonTX,11
,
thegarance,11
,
WendyMeer11,11
,
Mile_Marker_0,11
,
CharlesMBlow,11
,
kilmeade,11
,
WhenWeAllVote,11
,
max358japan,11
,
NetworksManager,11
,
RedTRaccoon,11
,
NewDayForNJ,11
,
YesYoureRacist,11
,
nickturse,11
,
ConanOBrien,11
,
LetterFromMeToU,11
,
swimmerbr78,11
,
Z_Everson,11
,
theserfstv,11
,
Koreaboo,11
,
jdoedoe101101,11
,
donlemon,11
,
Nicole_PaAvenue,11
,
oluchristty,11
,
CajunBlueAZ1,11
,
TrialLawyerRich,11
,
mschlapp,11
,
MidwinCharles,11
,
ENHYPEN_ENGENE,11
,
Lechuguinos_com,11
,
ConnieSchultz,11
,
RepTedLieu,11
,
GovMikeHuckabee,11
,
WardDPatrick,11
,
CaslonRichard,11
,
bernardokuster2,11
,
admiralmpj,11
,
elonmusk,11
,
wsvn,11
,
sleepisocialist,11
,
bpolitics,11
,
NewDay,11
,
gugachacra,11
,
LisPower1,11
,
postpolitics,11
,
OliverStuenkel,11
,
RealPNavarro,11
,
AmyMincey7,11
,
jdmendezr71,11
,
andrebercoff,11
,
EdwardGLuce,11
,
Mision_Verdad,11
,
Jessicam6946,11
,
PolitiFact,11
,
joanwalsh,11
,
AlexNBCNews,11
,
LaurieRoberts,11
,
GovLarryHogan,11
,
KEEMSTAR,11
,
JayShams,11
,
HarleyRouda,11
,
BillMoyers,11
,
ReutersLatam,11
,
lindsaywise,11
,
JohnCornyn,11
,
ezralevant,11
,
frankthorp,11
,
Grace_Segers,11
,
MartinRemains,11
,
Numbers28,11
,
LisaDNews,11
,
fdbedout,11
,
thejtlewis,11
,
KevinlyFather,11
,
skzzphoria,11
,
mariashriver,11
,
zeynep,11
,
jamesca15200940,11
,
Stuart12139064,11
,
QuimTorraiPla,11
,
Thom_Hartmann,11
,
angelica_114,11
,
stanningrkv,11
,
PINKDlSC,11
,
SaharaReporters,11
,
MrDanZak,11
,
SaraTufanoZ,11
,
MiladyConfetti,11
,
BenjaminNorton,11
,
BTSdailyinfo,11
,
Terrence_STR,11
,
TimInHonolulu,11
,
PeoplesParty_US,11
,
HowleyReporter,11
,
Drippin_Menfess,11
,
BTSVotingTroop,11
,
TTuberville,11
,
ramoncotarelo,11
,
saletan,11
,
EdwardAshton30,11
,
aescakegirlies,11
,
KeysMom1031,11
,
ArletteSaenz,11
,
DrIbram,11
,
btsaeso,11
,
Blue_Texas2020,11
,
xLittleActive,11
,
OzraeliAvi,11
,
Yankees2723k,11
,
AdelBelieve,11
,
dabeard,11
,
Biggan4Congress,11
,
REDVELVETnow,11
,
chuulipgf,11
,
PamelaGeller,11
,
ReporterBlayne,11
,
MikeScarcella,11
,
BlackVotersMtr,11
,
AlexandraErin,11
,
AITA_reddit,11
,
nedimsener2010,11
,
about_gbp,11
,
ScottMGreer,11
,
GettyImagesNews,11
,
gerardotc,11
,
PirryOficial,11
,
CarmenBerkley,11
,
jairsmoya,11
,
catturd2___,11
,
dmihalopoulos,11
,
avenaim,11
,
euseilafoda_se,11
,
tomlobianco,11
,
LWV,11
,
KatieJohnson214,10
,
rxjef77,10
,
RaheemKassam,10
,
EternalArmy_twt,10
,
Don_Patriota1,10
,
SpryGuy,10
,
rolandoteleSUR,10
,
VoteWithARMY,10
,
JKNjenga,10
,
BenSFletcher,10
,
JosephNSanberg,10
,
humbertotweets,10
,
PhumlaniMMajozi,10
,
erin_bartram,10
,
unleashthetea,10
,
MsAvaArmstrong,10
,
hankgreen,10
,
maiamimi,10
,
JEandJL,10
,
jbenmenachem,10
,
SE4LEN4,10
,
PyeparFaisal,10
,
Sillyshib,10
,
LanceForman,10
,
DoubleDownNews,10
,
MarkoSilberhand,10
,
sarahjeong,10
